City_ID,City,Lat,Lng,Max Temp,Humidity,Cloudiness,Wind Speed,Country,Date
0,Manaure,11.78,-72.44,83.5,70,94,18.63,CO,2020-05-06 00:25:09
1,Barrow,71.29,-156.79,17.6,78,1,9.17,US,2020-05-06 00:25:09
2,Laguna,38.42,-121.42,82.4,28,1,11.41,US,2020-05-06 00:21:38
3,Kasongo-Lunda,-6.47,16.82,70.99,89,97,1.14,CD,2020-05-06 00:25:10
4,Cape Town,-33.93,18.42,63.0,88,86,10.29,ZA,2020-05-06 00:23:18
5,Mataura,-46.19,168.86,53.26,69,84,7.4,NZ,2020-05-06 00:25:10
6,Ouadda,8.08,22.4,72.01,87,78,3.69,CF,2020-05-06 00:25:10
7,Fort Dix,40.03,-74.62,55.4,43,90,5.12,US,2020-05-06 00:25:11
8,Cockburn Town,21.46,-71.14,79.81,82,0,15.73,TC,2020-05-06 00:20:43
9,Caravelas,-17.71,-39.25,72.21,77,17,4.63,BR,2020-05-06 00:25:11
10,Butaritari,3.07,172.79,83.08,80,9,11.39,KI,2020-05-06 00:25:11
11,Puerto Ayora,-0.74,-90.35,78.8,83,40,12.75,EC,2020-05-06 00:25:11
12,Jvari,42.72,42.05,55.35,74,100,3.06,GE,2020-05-06 00:25:11
13,Rikitea,-23.12,-134.97,73.17,67,100,10.67,PF,2020-05-06 00:25:11
14,Hilo,19.73,-155.09,82.4,54,90,10.29,US,2020-05-06 00:25:11
15,Yeniseysk,58.45,92.17,36.7,85,96,10.71,RU,2020-05-06 00:25:11
16,Pevek,69.7,170.31,20.44,88,25,2.98,RU,2020-05-06 00:25:12
17,Krasnyy Yar,46.53,48.35,62.6,72,99,6.71,RU,2020-05-06 00:25:12
18,Ushuaia,-54.8,-68.3,39.2,64,98,6.93,AR,2020-05-06 00:22:54
19,Richards Bay,-28.78,32.04,65.61,81,29,7.61,ZA,2020-05-06 00:25:13
20,Sao Felix Do Xingu,-6.64,-51.99,75.33,90,92,2.04,BR,2020-05-06 00:25:13
21,Tasiilaq,65.61,-37.64,32.0,87,53,1.12,GL,2020-05-06 00:21:21
22,Los Lunas,34.81,-106.73,80.6,13,1,3.36,US,2020-05-06 00:25:13
23,Mar Del Plata,-38.0,-57.56,54.0,76,90,11.41,AR,2020-05-06 00:25:13
24,Kaitangata,-46.28,169.85,55.99,62,93,21.99,NZ,2020-05-06 00:25:13
25,Hobart,-42.88,147.33,59.0,58,75,17.22,AU,2020-05-06 00:22:35
26,Atambua,-9.11,124.89,80.06,77,32,2.62,ID,2020-05-06 00:24:03
27,Yellowknife,62.46,-114.35,46.4,39,20,12.75,CA,2020-05-06 00:25:14
28,Bertoua,4.58,13.68,70.66,95,47,3.49,CM,2020-05-06 00:25:14
29,Nanortalik,60.14,-45.24,40.59,78,98,11.54,GL,2020-05-06 00:25:14
30,Puerto Baquerizo Moreno,-0.9,-89.6,78.8,88,75,3.36,EC,2020-05-06 00:25:14
31,Jiayuguan,39.82,98.3,50.79,74,100,7.43,CN,2020-05-06 00:25:14
32,Punta Arenas,-53.15,-70.92,33.8,65,99,5.82,CL,2020-05-06 00:25:15
33,Amapa,1.0,-52.0,73.6,98,100,3.44,BR,2020-05-06 00:21:38
34,Nioro,13.35,-15.75,73.89,60,0,6.22,GM,2020-05-06 00:25:15
35,Darhan,49.49,105.92,47.35,59,92,21.9,MN,2020-05-06 00:21:51
36,Busselton,-33.65,115.33,51.01,95,75,24.07,AU,2020-05-06 00:25:15
37,Saint George,37.1,-113.58,90.0,8,1,9.17,US,2020-05-06 00:20:19
38,Sitka,57.05,-135.33,53.6,58,75,5.82,US,2020-05-06 00:25:15
39,Beringovskiy,63.05,179.32,26.71,90,0,2.1,RU,2020-05-06 00:25:16
40,Troitsko-Pechorsk,62.71,56.2,40.44,95,95,0.27,RU,2020-05-06 00:25:16
41,Miles City,46.41,-105.84,57.2,41,1,16.11,US,2020-05-06 00:25:16
42,Port Alfred,-33.59,26.89,63.0,87,37,5.01,ZA,2020-05-06 00:25:16
43,Vaini,-21.2,-175.2,80.6,83,75,6.93,TO,2020-05-06 00:25:16
44,Tandalti,13.02,31.87,83.41,15,23,7.87,SD,2020-05-06 00:25:16
45,Zhoucheng,35.91,116.31,65.79,55,30,5.57,CN,2020-05-06 00:25:16
46,Carnarvon,-24.87,113.63,69.91,73,11,17.6,AU,2020-05-06 00:25:17
47,Coihaique,-45.58,-72.07,41.0,86,42,6.93,CL,2020-05-06 00:25:17
48,Santa Maria Del Oro,25.93,-105.37,88.61,12,0,7.05,MX,2020-05-06 00:25:17
49,Dali,25.7,100.18,59.23,79,9,5.48,CN,2020-05-06 00:25:17
50,Chodavaram,17.83,82.95,80.6,94,20,3.36,IN,2020-05-06 00:25:17
51,Tura,25.52,90.22,71.62,88,37,4.25,IN,2020-05-06 00:25:17
52,Poum,-20.23,164.02,69.96,86,100,17.34,NC,2020-05-06 00:22:18
53,Touros,-5.2,-35.46,77.0,100,40,4.7,BR,2020-05-06 00:22:12
54,Sturgis,41.8,-85.42,46.99,61,90,13.87,US,2020-05-06 00:25:18
55,Bonthe,7.53,-12.51,81.01,86,100,4.23,SL,2020-05-06 00:25:18
56,Hirara,24.8,125.28,80.6,88,75,12.75,JP,2020-05-06 00:21:18
57,Novovasylivka,46.83,35.75,54.36,94,61,7.4,UA,2020-05-06 00:25:18
58,Kokorevka,52.59,34.28,52.2,95,47,1.45,RU,2020-05-06 00:25:18
59,New Norfolk,-42.78,147.06,59.0,77,100,5.06,AU,2020-05-06 00:25:19
60,Vila Velha,-20.33,-40.29,73.4,83,16,11.41,BR,2020-05-06 00:21:23
61,Olafsvik,64.89,-23.71,42.39,88,33,8.12,IS,2020-05-06 00:25:19
62,Lufilufi,-13.87,-171.6,91.4,66,40,9.17,WS,2020-05-06 00:25:19
63,Albany,42.6,-73.97,54.0,27,72,5.79,US,2020-05-06 00:20:33
64,Gander,48.97,-54.59,33.8,100,90,10.29,CA,2020-05-06 00:25:20
65,Dumai,1.68,101.45,77.54,88,79,4.45,ID,2020-05-06 00:25:20
66,Killybegs,54.63,-8.45,50.0,72,7,5.01,IE,2020-05-06 00:25:20
67,Ponta Do Sol,32.67,-17.1,64.4,77,20,4.7,PT,2020-05-06 00:21:19
68,Ciudad Bolivar,8.12,-63.55,89.02,50,85,14.07,VE,2020-05-06 00:25:20
69,Isangel,-19.55,169.27,71.67,87,100,14.45,VU,2020-05-06 00:21:36
70,Praia,14.92,-23.51,73.4,73,1,12.75,CV,2020-05-06 00:25:20
71,Kizema,61.11,44.83,49.82,98,99,3.13,RU,2020-05-06 00:25:21
72,Yichang,30.71,111.28,68.36,76,81,0.94,CN,2020-05-06 00:25:21
73,Tuatapere,-46.13,167.68,52.81,76,91,5.12,NZ,2020-05-06 00:25:21
74,Mananara,-16.17,49.77,72.77,89,16,4.88,MG,2020-05-06 00:25:21
75,Lisakovsk,52.54,62.49,51.46,46,0,7.96,KZ,2020-05-06 00:25:21
76,Zeya,53.75,127.27,54.14,37,0,1.92,RU,2020-05-06 00:25:21
77,Georgetown,5.41,100.34,80.6,100,40,4.7,MY,2020-05-06 00:25:10
78,Balkanabat,39.51,54.37,76.46,29,79,22.12,TM,2020-05-06 00:25:21
79,Coquimbo,-29.95,-71.34,55.4,93,0,3.36,CL,2020-05-06 00:21:06
80,Norman Wells,65.28,-126.83,51.8,81,20,8.05,CA,2020-05-06 00:20:35
81,Asyut,27.18,31.18,62.53,49,0,8.34,EG,2020-05-06 00:25:22
82,Katsuura,35.13,140.3,64.99,88,75,6.93,JP,2020-05-06 00:25:22
83,Garowe,8.41,48.48,78.01,74,44,9.73,SO,2020-05-06 00:25:23
84,Dikson,73.51,80.55,8.01,92,99,11.72,RU,2020-05-06 00:25:23
85,Lebu,-37.62,-73.65,55.04,75,0,18.88,CL,2020-05-06 00:25:23
86,Petropavlovsk-Kamchatskiy,53.05,158.65,39.2,86,75,6.71,RU,2020-05-06 00:25:23
87,Kresttsy,58.25,32.52,48.94,94,100,7.16,RU,2020-05-06 00:25:23
88,Saint-Philippe,-21.36,55.77,71.6,78,37,3.36,RE,2020-05-06 00:21:07
89,East London,-33.02,27.91,64.81,62,80,10.74,ZA,2020-05-06 00:25:23
90,Kavieng,-2.57,150.8,83.43,78,100,5.39,PG,2020-05-06 00:25:24
91,Kapaa,22.08,-159.32,78.8,74,90,14.99,US,2020-05-06 00:20:56
92,Bredasdorp,-34.53,20.04,59.0,93,61,1.95,ZA,2020-05-06 00:25:24
93,Zonguldak,41.25,31.83,45.66,93,66,4.32,TR,2020-05-06 00:25:24
94,Ilulissat,69.22,-51.1,28.4,63,0,11.41,GL,2020-05-06 00:22:43
95,Cherskiy,68.75,161.3,29.53,93,61,3.8,RU,2020-05-06 00:25:24
96,Alenquer,-1.94,-54.74,80.6,94,40,4.7,BR,2020-05-06 00:25:24
97,Nizwa,22.93,57.53,82.11,41,6,4.07,OM,2020-05-06 00:25:24
98,Dicabisagan,17.08,122.42,85.93,69,2,8.3,PH,2020-05-06 00:25:25
99,Southbridge,42.08,-72.03,54.0,35,69,3.91,US,2020-05-06 00:25:25
100,Torbay,47.67,-52.73,39.99,100,90,20.8,CA,2020-05-06 00:25:25
101,Gat,31.61,34.76,63.0,79,4,13.6,IL,2020-05-06 00:25:25
102,Innisfail,-17.53,146.03,72.79,83,86,12.17,AU,2020-05-06 00:25:25
103,Voskresenskoye,56.84,45.43,53.24,71,1,7.76,RU,2020-05-06 00:25:25
104,Truth Or Consequences,33.13,-107.25,84.99,18,1,20.8,US,2020-05-06 00:25:26
105,Port-Gentil,-0.72,8.78,82.4,88,20,4.7,GA,2020-05-06 00:25:26
106,Nome,64.5,-165.41,46.0,60,1,5.82,US,2020-05-06 00:21:29
107,Arman,59.7,150.17,37.9,70,100,19.91,RU,2020-05-06 00:23:10
108,Marawi,8.0,124.29,82.99,82,55,4.0,PH,2020-05-06 00:25:26
109,Grindavik,63.84,-22.43,42.8,81,75,10.29,IS,2020-05-06 00:22:19
110,Tuktoyaktuk,69.45,-133.04,30.2,80,90,3.36,CA,2020-05-06 00:25:26
111,Jeremie,18.65,-74.12,80.76,74,42,3.42,HT,2020-05-06 00:25:27
112,La Asuncion,11.03,-63.86,89.6,66,46,23.04,VE,2020-05-06 00:25:27
113,Luderitz,-26.65,15.16,73.83,27,0,6.46,NA,2020-05-06 00:25:27
114,Guaraniacu,-25.1,-52.88,60.37,90,99,0.63,BR,2020-05-06 00:25:27
115,Saskylakh,71.92,114.08,1.63,92,67,9.1,RU,2020-05-06 00:25:27
116,Mount Gambier,-37.83,140.77,55.4,66,100,13.87,AU,2020-05-06 00:25:27
117,Hithadhoo,-0.6,73.08,83.98,74,100,7.83,MV,2020-05-06 00:25:27
118,Bluff,-46.6,168.33,53.58,78,97,23.96,NZ,2020-05-06 00:21:10
119,Qaanaaq,77.48,-69.36,14.34,85,97,4.83,GL,2020-05-06 00:25:28
120,Lasa,46.62,10.7,44.6,100,90,8.05,IT,2020-05-06 00:23:07
121,Sukpak,51.67,94.63,40.33,65,20,8.97,RU,2020-05-06 00:25:28
122,Kathmandu,27.72,85.32,57.2,100,20,3.49,NP,2020-05-06 00:25:28
123,Okhotsk,59.38,143.3,37.27,77,19,13.02,RU,2020-05-06 00:25:28
124,Leningradskiy,69.38,178.42,22.37,93,5,8.84,RU,2020-05-06 00:20:40
125,Duvan,55.7,57.9,50.65,72,0,3.8,RU,2020-05-06 00:25:28
126,Opuwo,-18.06,13.84,65.95,42,4,6.04,NA,2020-05-06 00:21:37
127,Buraydah,26.33,43.98,77.0,73,10,10.29,SA,2020-05-06 00:22:32
128,Te Anau,-45.42,167.72,53.89,66,52,1.99,NZ,2020-05-06 00:25:29
129,Kolyvan,55.31,82.74,41.0,75,83,8.95,RU,2020-05-06 00:25:29
130,Vuktyl,63.86,57.31,36.68,96,78,2.53,RU,2020-05-06 00:25:29
131,Provideniya,64.38,-173.3,32.0,75,46,8.95,RU,2020-05-06 00:25:30
132,Jalu,29.03,21.55,63.25,45,0,10.4,LY,2020-05-06 00:25:30
133,Half Moon Bay,37.46,-122.43,73.0,49,5,13.87,US,2020-05-06 00:25:30
134,High Level,58.52,-117.14,64.4,31,75,6.93,CA,2020-05-06 00:25:30
135,Ixtapa,20.7,-105.2,80.6,74,5,9.17,MX,2020-05-06 00:22:00
136,Malampaka,-3.13,33.53,64.06,90,13,6.46,TZ,2020-05-06 00:25:30
137,Natal,-5.79,-35.21,77.0,100,40,4.7,BR,2020-05-06 00:25:31
138,Sao Joao Da Barra,-21.64,-41.05,73.18,86,61,12.48,BR,2020-05-06 00:25:31
139,Mto Wa Mbu,-3.35,35.85,68.76,82,79,4.0,TZ,2020-05-06 00:25:31
140,Shubarkuduk,49.14,56.49,50.58,54,30,11.39,KZ,2020-05-06 00:25:31
141,Fomboni,-12.28,43.74,81.5,82,83,14.32,KM,2020-05-06 00:25:31
142,Kilakarai,9.23,78.78,85.01,72,41,1.28,IN,2020-05-06 00:25:31
143,Jamestown,42.1,-79.24,46.0,42,1,10.29,US,2020-05-06 00:25:31
144,Port Blair,11.67,92.75,83.3,75,74,4.14,IN,2020-05-06 00:22:14
145,Bengkulu,-3.8,102.27,77.4,85,95,4.32,ID,2020-05-06 00:25:32
146,Nishihara,26.18,127.76,77.0,94,90,17.22,JP,2020-05-06 00:25:32
147,Hede,33.77,120.25,62.31,77,9,13.94,CN,2020-05-06 00:25:32
148,Brownwood,31.71,-98.99,77.0,25,1,10.29,US,2020-05-06 00:25:32
149,Gumdag,39.21,54.59,74.39,31,76,23.31,TM,2020-05-06 00:25:33
150,Moron,-34.65,-58.62,55.99,100,23,13.31,AR,2020-05-06 00:25:33
151,Nuuk,64.18,-51.72,30.2,86,75,13.87,GL,2020-05-06 00:25:33
152,Walvis Bay,-22.96,14.51,79.95,21,0,10.36,NA,2020-05-06 00:25:33
153,Saryozek,44.36,77.98,37.56,74,66,6.71,KZ,2020-05-06 00:25:33
154,Severo-Kurilsk,50.68,156.12,34.23,89,99,31.34,RU,2020-05-06 00:25:33
155,Megion,61.03,76.11,44.6,81,98,6.71,RU,2020-05-06 00:21:23
156,Alice Springs,-23.7,133.88,64.4,23,0,8.05,AU,2020-05-06 00:21:02
157,Moose Factory,51.26,-80.61,33.8,64,1,6.93,CA,2020-05-06 00:25:34
158,Tebingtinggi,3.33,99.16,77.0,100,75,3.36,ID,2020-05-06 00:25:34
159,Tabou,4.42,-7.35,80.55,84,98,5.21,CI,2020-05-06 00:25:34
160,Hof,50.32,11.92,34.0,80,20,1.99,DE,2020-05-06 00:25:34
161,Geraldton,-28.77,114.6,64.4,63,90,16.11,AU,2020-05-06 00:25:34
162,Cairns,-16.92,145.77,75.2,78,75,10.29,AU,2020-05-06 00:25:34
163,Victoria,22.29,114.16,86.0,74,40,6.93,HK,2020-05-06 00:25:35
164,Boa Vista,2.82,-60.67,80.6,83,75,9.17,BR,2020-05-06 00:25:09
165,Chuy,-33.7,-53.46,55.56,75,56,16.8,UY,2020-05-06 00:25:35
166,Leshukonskoye,64.9,45.76,29.61,98,85,2.51,RU,2020-05-06 00:25:35
167,Minsk,53.9,27.57,48.2,100,75,6.71,BY,2020-05-06 00:22:30
168,Hermanus,-34.42,19.23,59.0,90,63,8.48,ZA,2020-05-06 00:25:35
169,Cayenne,4.93,-52.33,80.6,88,98,5.82,GF,2020-05-06 00:25:36
170,Mahebourg,-20.41,57.7,73.4,94,75,11.41,MU,2020-05-06 00:25:36
171,Gasa,31.5,34.47,63.0,79,2,3.0,PS,2020-05-06 00:23:18
172,Yumen,40.28,97.2,52.36,73,100,1.81,CN,2020-05-06 00:24:22
173,Nelson Bay,-32.72,152.15,57.99,100,90,8.05,AU,2020-05-06 00:25:36
174,Khatanga,71.97,102.5,4.24,91,0,11.52,RU,2020-05-06 00:21:06
175,Ubeda,38.01,-3.37,64.99,57,0,4.0,ES,2020-05-06 00:25:37
176,Shitanjing,39.23,106.34,58.1,84,100,10.18,CN,2020-05-06 00:25:37
177,Veraval,20.9,70.37,79.32,86,0,9.98,IN,2020-05-06 00:25:37
178,Flinders,-34.58,150.86,68.0,70,46,3.0,AU,2020-05-06 00:25:37
179,Sjenica,43.27,20.0,46.87,90,80,3.71,RS,2020-05-06 00:25:37
180,Whitehorse,60.72,-135.05,57.2,24,75,9.17,CA,2020-05-06 00:25:37
181,Umm Lajj,25.02,37.27,75.88,49,0,13.91,SA,2020-05-06 00:25:37
182,Sao Filipe,14.9,-24.5,73.83,78,0,12.46,CV,2020-05-06 00:21:22
183,Nikolskoye,59.7,30.79,48.2,61,41,4.47,RU,2020-05-06 00:21:43
184,Arraial Do Cabo,-22.97,-42.03,69.8,100,84,3.36,BR,2020-05-06 00:25:38
185,Champerico,14.3,-91.92,75.2,100,90,6.93,GT,2020-05-06 00:25:38
186,Kirakira,-10.45,161.92,85.33,64,45,3.04,SB,2020-05-06 00:25:38
187,Atuona,-9.8,-139.03,81.75,70,30,16.31,PF,2020-05-06 00:25:38
188,Sovetskiy,61.36,63.58,49.39,94,70,6.06,RU,2020-05-06 00:25:38
189,Komsomolskiy,40.43,71.72,59.0,72,100,6.93,UZ,2020-05-06 00:25:38
190,Port Elizabeth,-33.92,25.57,64.4,77,40,13.87,ZA,2020-05-06 00:20:49
191,Bambous Virieux,-20.34,57.76,73.99,94,75,11.56,MU,2020-05-06 00:21:14
192,Castro,-24.79,-50.01,59.86,76,100,4.99,BR,2020-05-06 00:20:56
193,Kodiak,57.79,-152.41,44.6,70,90,20.8,US,2020-05-06 00:25:39
194,Marivan,35.52,46.18,55.74,62,23,8.43,IR,2020-05-06 00:25:40
195,Finnsnes,69.23,17.98,35.6,93,100,27.51,NO,2020-05-06 00:25:40
196,Piedras Negras,28.7,-100.52,87.8,35,40,6.93,MX,2020-05-06 00:25:14
197,Konya,38.17,32.5,48.2,81,20,12.75,TR,2020-05-06 00:25:40
198,Murdochville,48.96,-65.5,30.61,98,100,7.61,CA,2020-05-06 00:25:40
199,Port Hardy,50.7,-127.42,57.2,54,75,16.11,CA,2020-05-06 00:22:14
200,Ancud,-41.87,-73.82,46.99,100,20,3.36,CL,2020-05-06 00:21:05
201,Namibe,-15.2,12.15,77.47,69,1,0.96,AO,2020-05-06 00:25:41
202,Ribeira Grande,38.52,-28.7,60.89,86,89,11.21,PT,2020-05-06 00:25:41
203,Hamilton,39.18,-84.53,50.0,70,90,8.05,US,2020-05-06 00:25:25
204,Ambilobe,-13.2,49.05,72.14,90,86,2.62,MG,2020-05-06 00:25:41
205,Husavik,66.04,-17.34,41.0,60,0,18.34,IS,2020-05-06 00:21:40
206,Lazaro Cardenas,17.96,-102.2,81.28,57,0,7.54,MX,2020-05-06 00:25:42
207,Hasaki,35.73,140.83,61.0,93,75,5.82,JP,2020-05-06 00:21:15
208,Anshun,26.25,105.93,71.17,73,0,16.2,CN,2020-05-06 00:25:42
209,Bubaque,11.28,-15.83,79.05,79,9,15.68,GW,2020-05-06 00:25:42
210,Moyale,3.52,39.06,66.79,91,84,3.62,KE,2020-05-06 00:25:42
211,Rio Grande,-32.03,-52.1,57.99,69,99,8.01,BR,2020-05-06 00:21:46
212,Upata,8.01,-62.4,82.0,78,82,7.0,VE,2020-05-06 00:25:42
213,Lagoa,39.05,-27.98,60.06,81,93,11.74,PT,2020-05-06 00:25:43
214,Lata,40.16,-8.33,62.01,89,0,1.01,PT,2020-05-06 00:25:43
215,Egvekinot,66.32,-179.17,27.12,89,8,2.19,RU,2020-05-06 00:25:43
216,Sudak,44.85,34.97,57.49,78,84,5.79,UA,2020-05-06 00:25:43
217,Rorvik,64.86,11.24,41.13,74,95,25.97,NO,2020-05-06 00:25:43
218,Celestun,20.87,-90.4,84.2,71,100,18.68,MX,2020-05-06 00:25:43
219,Matara,5.95,80.54,79.29,87,72,4.45,LK,2020-05-06 00:24:58
220,Warri,5.52,5.75,78.51,92,41,3.67,NG,2020-05-06 00:25:43
221,Mimongo,-1.62,11.61,71.33,95,99,2.68,GA,2020-05-06 00:25:43
222,Aklavik,68.22,-135.01,33.8,98,90,4.7,CA,2020-05-06 00:25:44
223,Kaniv,49.75,31.46,50.59,91,98,5.61,UA,2020-05-06 00:25:44
224,Pangnirtung,66.15,-65.71,9.77,89,2,0.83,CA,2020-05-06 00:25:44
225,Klaksvik,62.23,-6.59,44.6,87,74,21.92,FO,2020-05-06 00:21:20
226,Codrington,-38.27,141.97,58.59,54,100,16.62,AU,2020-05-06 00:25:44
227,Road Town,18.42,-64.62,82.4,74,20,6.93,VG,2020-05-06 00:25:44
228,Huatulco,15.84,-96.33,87.01,66,100,4.45,MX,2020-05-06 00:25:44
229,Inyonga,-6.72,32.07,63.61,94,5,3.42,TZ,2020-05-06 00:25:45
230,Saldanha,-33.01,17.94,57.2,87,96,4.7,ZA,2020-05-06 00:25:45
231,Esperance,-33.87,121.9,55.4,58,75,28.86,AU,2020-05-06 00:25:45
232,Te Kauwhata,-37.4,175.15,57.2,62,4,20.8,NZ,2020-05-06 00:25:45
233,Vostok,46.49,135.88,51.26,45,20,4.54,RU,2020-05-06 00:25:46
234,Buchanan,5.88,-10.05,80.6,94,75,4.65,LR,2020-05-06 00:25:46
235,Rudnichnyy,59.62,52.47,51.87,87,98,5.91,RU,2020-05-06 00:25:46
236,Vryburg,-26.96,24.73,56.03,37,0,5.14,ZA,2020-05-06 00:25:46
237,Whitecourt,54.15,-115.69,60.8,31,75,6.93,CA,2020-05-06 00:25:46
238,Marystown,47.17,-55.15,37.72,97,100,7.18,CA,2020-05-06 00:25:46
239,Yatou,37.15,122.38,59.32,52,25,7.11,CN,2020-05-06 00:25:46
240,Dingle,11.0,122.67,86.16,67,9,4.03,PH,2020-05-06 00:25:47
241,Pallasovka,50.05,46.88,57.69,74,86,13.09,RU,2020-05-06 00:25:47
242,Honningsvag,70.98,25.97,39.61,77,77,26.46,NO,2020-05-06 00:22:34
243,Voh,-20.97,164.7,67.55,88,100,5.39,NC,2020-05-06 00:25:47
244,Wattegama,6.8,81.48,75.83,90,46,1.92,LK,2020-05-06 00:25:47
245,Salalah,17.02,54.09,82.4,83,40,2.24,OM,2020-05-06 00:25:47
246,Upernavik,72.79,-56.15,22.71,89,54,7.43,GL,2020-05-06 00:20:54
247,Price,39.6,-110.81,71.6,10,1,8.05,US,2020-05-06 00:25:47
248,Palana,59.12,159.97,36.07,81,100,22.03,RU,2020-05-06 00:25:48
249,Bud,39.45,-86.18,45.0,70,90,11.41,US,2020-05-06 00:25:48
250,Hovd,48.01,91.64,35.69,77,81,6.58,MN,2020-05-06 00:25:48
251,Kruisfontein,-34.0,24.73,56.19,68,9,7.05,ZA,2020-05-06 00:21:53
252,Kaputa,-8.47,29.66,69.4,80,31,7.9,ZM,2020-05-06 00:25:48
253,Bandrele,-12.91,45.19,82.4,78,75,12.75,YT,2020-05-06 00:25:48
254,Verkhoyansk,67.54,133.38,29.44,91,100,2.98,RU,2020-05-06 00:25:49
255,Jagatsinghapur,20.27,86.17,77.0,88,90,10.29,IN,2020-05-06 00:25:49
256,Kalmunai,7.42,81.82,80.44,86,57,5.19,LK,2020-05-06 00:21:58
257,Aswan,24.09,32.91,73.85,30,51,13.65,EG,2020-05-06 00:25:49
258,Gamba,-2.65,10.0,78.28,92,59,4.88,GA,2020-05-06 00:25:49
259,Ola,59.58,151.28,36.88,73,100,16.58,RU,2020-05-06 00:21:29
260,Los Llanos De Aridane,28.66,-17.92,66.2,72,78,6.93,ES,2020-05-06 00:25:49
261,Acapulco,16.86,-99.89,80.6,83,75,6.93,MX,2020-05-06 00:22:28
262,Yar-Sale,66.83,70.83,31.82,99,94,11.45,RU,2020-05-06 00:25:49
263,Teguldet,57.31,88.17,35.64,85,50,7.38,RU,2020-05-06 00:21:07
264,Conceicao Do Araguaia,-8.26,-49.26,82.4,78,83,2.24,BR,2020-05-06 00:25:50
265,Abu Dhabi,24.47,54.37,79.0,83,15,3.36,AE,2020-05-06 00:21:37
266,Menongue,-14.66,17.69,62.74,61,58,4.25,AO,2020-05-06 00:25:50
267,Carlisle,40.2,-77.19,52.0,65,97,2.28,US,2020-05-06 00:25:50
268,Lavrentiya,65.58,-171.0,30.09,90,0,2.57,RU,2020-05-06 00:25:50
269,Dire Dawa,9.59,41.87,71.8,64,33,4.83,ET,2020-05-06 00:25:50
270,Cidreira,-30.18,-50.21,65.8,88,96,8.34,BR,2020-05-06 00:25:50
271,Kavaratti,10.57,72.64,84.52,81,99,12.86,IN,2020-05-06 00:25:51
272,Avarua,-21.21,-159.78,80.6,78,60,8.05,CK,2020-05-06 00:24:24
273,Berlevag,70.86,29.09,38.07,80,100,26.75,NO,2020-05-06 00:25:51
274,Aksarka,66.56,67.8,35.04,98,100,14.12,RU,2020-05-06 00:25:51
275,Martapura,-3.42,114.85,81.12,84,25,2.35,ID,2020-05-06 00:25:51
276,Ca Mau,9.18,105.15,83.98,70,0,1.23,VN,2020-05-06 00:22:00
277,Uyar,55.81,94.32,36.97,90,100,18.68,RU,2020-05-06 00:25:51
278,Narsaq,60.92,-46.05,42.8,75,100,8.28,GL,2020-05-06 00:25:51
279,Mucurapo,10.67,-61.53,82.99,74,20,9.17,TT,2020-05-06 00:25:52
280,Itarema,-2.92,-39.92,79.38,85,86,12.01,BR,2020-05-06 00:25:52
281,Newport,51.59,-3.0,46.99,72,35,12.17,GB,2020-05-06 00:25:11
282,Temanggung,-7.32,110.18,84.2,74,20,6.93,ID,2020-05-06 00:25:52
283,Labuhan,-6.88,112.21,80.02,85,1,6.96,ID,2020-05-06 00:25:52
284,Asau,46.43,26.4,52.0,81,100,3.36,RO,2020-05-06 00:25:52
285,Slave Lake,55.28,-114.77,66.2,24,1,12.75,CA,2020-05-06 00:25:52
286,Nanning,22.82,108.32,80.6,78,99,2.24,CN,2020-05-06 00:25:53
287,Waddan,29.16,16.14,69.21,32,2,9.22,LY,2020-05-06 00:25:53
288,Ponta Delgada,37.73,-25.67,60.8,77,20,12.75,PT,2020-05-06 00:25:53
289,Doha,25.29,51.53,82.0,78,67,2.24,QA,2020-05-06 00:22:29
290,Aparecida Do Taboado,-20.09,-51.09,70.84,69,55,1.41,BR,2020-05-06 00:25:53
291,Kibala,9.11,18.35,84.2,62,66,10.27,TD,2020-05-06 00:25:54
292,Mocuba,-16.84,36.99,65.37,93,31,3.85,MZ,2020-05-06 00:25:54
293,Taraz,42.9,71.37,48.2,66,90,4.47,KZ,2020-05-06 00:25:54
294,Chokurdakh,70.63,147.92,19.02,96,70,9.15,RU,2020-05-06 00:25:54
295,Reconquista,-29.15,-59.65,55.6,65,69,12.3,AR,2020-05-06 00:25:54
296,Manitouwadge,49.12,-85.84,42.53,61,41,9.19,CA,2020-05-06 00:25:54
297,Longyearbyen,78.22,15.64,28.4,74,40,27.51,SJ,2020-05-06 00:25:55
298,Taksimo,56.34,114.88,50.86,47,100,4.52,RU,2020-05-06 00:25:55
299,Ituango,7.17,-75.76,65.66,94,100,1.7,CO,2020-05-06 00:25:55
300,Calpulalpan,19.58,-98.58,75.2,37,75,16.11,MX,2020-05-06 00:25:55
301,Chauk,20.88,94.82,85.89,61,2,7.0,MM,2020-05-06 00:25:55
302,Sosva,59.18,61.86,54.63,79,61,8.3,RU,2020-05-06 00:25:55
303,Uthal,25.81,66.62,76.5,70,0,0.67,PK,2020-05-06 00:25:55
304,Kanniyakumari,8.08,77.57,84.04,73,62,6.98,IN,2020-05-06 00:25:56
305,Vestmanna,62.16,-7.17,44.6,87,90,21.92,FO,2020-05-06 00:23:08
306,Mount Isa,-20.73,139.5,77.0,38,0,17.22,AU,2020-05-06 00:21:18
307,Kobryn,52.21,24.36,46.26,95,100,9.44,BY,2020-05-06 00:24:43
308,Okha,53.57,142.95,36.81,80,73,12.8,RU,2020-05-06 00:25:56
309,Goba,7.02,39.98,50.95,88,12,2.68,ET,2020-05-06 00:25:57
310,Praia Da Vitoria,38.73,-27.07,60.8,77,75,8.1,PT,2020-05-06 00:25:57
311,Tiksi,71.69,128.87,20.55,97,100,8.37,RU,2020-05-06 00:25:57
312,Huanren,41.26,125.37,59.09,39,0,4.52,CN,2020-05-06 00:25:57
313,Junin,-34.58,-60.94,52.0,82,34,10.0,AR,2020-05-06 00:25:57
314,Mayo,38.89,-76.51,55.99,54,90,5.82,US,2020-05-06 00:22:43
315,Akyab,20.15,92.9,81.64,83,11,7.2,MM,2020-05-06 00:25:58
316,Ugoofaaru,5.67,73.0,84.92,81,91,12.88,MV,2020-05-06 00:25:58
317,Nautla,20.22,-96.78,84.15,70,58,9.6,MX,2020-05-06 00:25:58
318,Gizo,-8.1,156.84,84.06,64,64,1.83,SB,2020-05-06 00:25:58
319,Fonte Boa,-2.5,-66.27,75.0,98,89,2.71,BR,2020-05-06 00:25:58
320,Ngorongoro,-3.24,35.49,54.07,100,82,6.35,TZ,2020-05-06 00:25:58
321,Ruidoso,33.33,-105.67,70.0,25,1,14.99,US,2020-05-06 00:25:36
322,Neyshabur,36.21,58.8,65.53,37,2,1.52,IR,2020-05-06 00:25:58
323,Baltay,52.47,46.63,54.81,72,3,11.59,RU,2020-05-06 00:21:06
324,Thompson,55.74,-97.86,35.6,51,5,11.41,CA,2020-05-06 00:25:59
325,Pisco,-13.7,-76.22,66.2,82,75,12.75,PE,2020-05-06 00:25:59
326,Shirokiy,49.76,129.52,53.65,39,0,3.4,RU,2020-05-06 00:25:59
327,Constantine,36.37,6.61,62.6,72,94,4.21,DZ,2020-05-06 00:25:55
328,Tahta,26.77,31.5,63.82,43,0,8.72,EG,2020-05-06 00:25:59
329,Samarai,-10.62,150.67,80.85,77,100,14.63,PG,2020-05-06 00:21:40
330,Iranshahr,27.2,60.68,78.8,19,3,6.93,IR,2020-05-06 00:26:02
331,Praya,14.92,-23.51,73.4,73,1,12.75,CV,2020-05-06 00:25:20
332,Lensk,60.73,114.93,50.22,67,100,13.2,RU,2020-05-06 00:26:02
333,Dawlatabad,36.41,64.91,70.09,41,0,1.39,AF,2020-05-06 00:26:02
334,Santa Cruz,-17.8,-63.17,75.2,88,75,2.24,BO,2020-05-06 00:23:52
335,Nagato,34.38,131.2,71.6,68,40,6.93,JP,2020-05-06 00:26:03
336,Fairbanks,64.84,-147.72,60.01,28,1,4.25,US,2020-05-06 00:21:34
337,Iqaluit,63.75,-68.51,14.0,72,5,9.17,CA,2020-05-06 00:21:59
338,Hangu,39.25,117.79,69.8,60,31,2.24,CN,2020-05-06 00:26:03
339,Puerto Maldonado,-12.6,-69.18,79.29,76,72,0.89,PE,2020-05-06 00:26:03
340,Uyemskiy,64.47,40.85,26.6,100,91,4.47,RU,2020-05-06 00:26:03
341,Pavlivka,49.44,28.46,47.55,89,22,7.52,UA,2020-05-06 00:26:03
342,Beruwala,6.48,79.98,81.27,79,70,2.8,LK,2020-05-06 00:26:03
343,Pachino,36.72,15.09,57.0,88,87,1.01,IT,2020-05-06 00:26:04
344,Udachnyy,66.42,112.4,10.4,92,90,11.18,RU,2020-05-06 00:26:04
345,Flores Da Cunha,-29.03,-51.18,62.01,87,100,1.79,BR,2020-05-06 00:26:04
346,College,64.86,-147.8,61.0,30,40,8.05,US,2020-05-06 00:26:04
347,Imbituba,-28.24,-48.67,68.0,88,95,2.24,BR,2020-05-06 00:23:36
348,Kuah,6.33,99.84,80.6,94,20,4.7,MY,2020-05-06 00:26:04
349,Usinsk,65.99,57.53,32.05,97,100,9.51,RU,2020-05-06 00:26:04
350,Corralillo,22.98,-80.59,78.57,72,45,11.3,CU,2020-05-06 00:26:04
351,Solnechnyy,50.72,136.63,50.38,46,22,2.42,RU,2020-05-06 00:26:05
352,Virginia Beach,36.85,-75.98,57.0,71,90,4.7,US,2020-05-06 00:26:05
353,Tilichiki,60.47,166.1,29.57,98,100,31.29,RU,2020-05-06 00:26:05
354,Winnemucca,40.97,-117.74,80.6,3,1,16.11,US,2020-05-06 00:26:05
355,Bathsheba,13.22,-59.52,80.6,78,40,18.34,BB,2020-05-06 00:26:05
356,Hofn,64.25,-15.21,47.66,51,2,12.62,IS,2020-05-06 00:26:05
357,Cascais,38.7,-9.42,64.0,88,15,5.32,PT,2020-05-06 00:22:48
358,Otradnoye,59.78,30.82,48.2,61,40,4.47,RU,2020-05-06 00:26:06
359,Berdigestyakh,62.1,126.7,42.58,62,95,5.35,RU,2020-05-06 00:26:06
360,Tucumcari,35.17,-103.72,77.0,17,1,16.11,US,2020-05-06 00:26:06
361,Nouadhibou,20.93,-17.03,68.0,77,40,18.34,MR,2020-05-06 00:25:36
362,Margate,51.38,1.39,48.99,84,0,17.2,GB,2020-05-06 00:26:06
363,Manoel Urbano,-8.84,-69.26,76.86,89,54,2.15,BR,2020-05-06 00:26:07
364,Sorland,67.67,12.69,37.22,81,100,29.59,NO,2020-05-06 00:26:07
365,Thames,-37.13,175.53,60.01,63,6,5.99,NZ,2020-05-06 00:26:07
366,Kyra,49.58,111.98,52.32,40,100,5.32,RU,2020-05-06 00:26:07
367,Davila,18.47,120.58,87.8,74,75,3.36,PH,2020-05-06 00:26:07
368,Qaqortoq,60.72,-46.03,42.8,75,100,8.59,GL,2020-05-06 00:26:07
369,Kawalu,-7.38,108.21,74.26,91,94,0.87,ID,2020-05-06 00:26:07
370,Visnes,59.36,5.22,45.0,75,76,10.29,NO,2020-05-06 00:26:07
371,Goderich,43.75,-81.72,48.99,80,100,15.68,CA,2020-05-06 00:22:16
372,Roald,62.58,6.13,46.0,93,100,23.04,NO,2020-05-06 00:26:08
373,Vardo,70.37,31.11,37.31,92,100,25.46,NO,2020-05-06 00:26:08
374,Rockland,41.17,-74.05,61.0,33,60,3.15,US,2020-05-06 00:26:08
375,Muisne,0.6,-80.03,77.65,85,74,8.14,EC,2020-05-06 00:26:08
376,Norsup,-16.07,167.38,82.4,74,75,4.7,VU,2020-05-06 00:26:08
377,Dakar,14.69,-17.44,69.8,94,0,2.24,SN,2020-05-06 00:21:19
378,Gravdal,68.12,13.5,37.35,80,100,29.21,NO,2020-05-06 00:26:09
379,Lashio,22.93,97.75,70.2,80,33,1.32,MM,2020-05-06 00:26:09
380,Port Augusta,-32.5,137.77,62.01,41,97,18.34,AU,2020-05-06 00:26:09
381,Faanui,-16.48,-151.75,82.18,76,47,9.78,PF,2020-05-06 00:26:09
382,Yakeshi,49.28,120.73,53.37,42,48,4.92,CN,2020-05-06 00:26:09
383,Bethel,41.37,-73.41,55.4,24,1,8.05,US,2020-05-06 00:26:09
384,Hoshangabad,22.75,77.72,81.43,28,33,5.61,IN,2020-05-06 00:26:09
385,Sabaudia,41.3,13.03,57.99,72,40,3.0,IT,2020-05-06 00:26:09
386,Okakarara,-20.58,17.43,55.0,40,0,3.98,NA,2020-05-06 00:26:10
387,Seydi,39.48,62.91,68.52,56,0,7.38,TM,2020-05-06 00:26:10
388,Yulara,-25.24,130.99,62.6,21,1,5.82,AU,2020-05-06 00:22:12
389,Bowen,-20.02,148.23,77.0,57,40,19.46,AU,2020-05-06 00:26:10
390,Korla,41.76,86.15,61.63,49,72,7.94,CN,2020-05-06 00:26:10
391,Libreville,0.39,9.45,78.8,94,40,4.7,GA,2020-05-06 00:26:10
392,Rocha,-34.48,-54.33,55.26,80,87,20.71,UY,2020-05-06 00:26:11
393,Panalingaan,8.78,117.42,84.22,73,94,4.14,PH,2020-05-06 00:26:11
394,Haines Junction,60.75,-137.51,49.41,47,0,7.07,CA,2020-05-06 00:21:38
395,Trairi,-3.28,-39.27,79.56,84,87,9.42,BR,2020-05-06 00:26:11
396,Khasan,42.43,130.64,54.14,61,0,10.69,RU,2020-05-06 00:23:16
397,Lompoc,34.64,-120.46,70.0,59,1,16.11,US,2020-05-06 00:24:32
398,Brae,60.4,-1.35,48.2,76,91,11.41,GB,2020-05-06 00:26:11
399,Kiunga,-6.12,141.29,75.97,95,100,2.51,PG,2020-05-06 00:21:51
400,Jhargram,22.45,86.98,80.89,87,54,0.36,IN,2020-05-06 00:26:12
401,Balikpapan,-1.27,116.83,84.2,83,20,3.36,ID,2020-05-06 00:24:29
402,Bure,10.7,37.07,67.08,51,94,1.48,ET,2020-05-06 00:26:12
403,Sobolevo,54.43,31.9,50.83,96,92,4.36,RU,2020-05-06 00:21:56
404,Bagotville,-28.98,153.42,66.2,93,90,9.17,AU,2020-05-06 00:26:12
405,Bilibino,68.05,166.44,23.25,83,97,2.66,RU,2020-05-06 00:26:12
406,Tando Adam,25.76,68.66,80.6,69,0,6.04,PK,2020-05-06 00:24:56
407,Zambezi,-13.54,23.1,61.68,70,0,4.59,ZM,2020-05-06 00:22:20
408,Auki,-8.77,160.7,86.7,60,14,3.24,SB,2020-05-06 00:26:12
409,Mackay,-21.15,149.2,73.99,69,32,18.34,AU,2020-05-06 00:26:13
410,Columbus,39.96,-83.0,48.99,49,90,10.29,US,2020-05-06 00:25:41
411,Turukhansk,65.82,87.98,28.18,93,99,4.81,RU,2020-05-06 00:21:56
412,Maues,-3.38,-57.72,77.0,95,99,1.19,BR,2020-05-06 00:26:13
413,Yuksekova,37.57,44.29,50.0,93,40,4.7,TR,2020-05-06 00:26:13
414,Takaka,-40.85,172.8,57.0,64,0,3.0,NZ,2020-05-06 00:26:13
415,Yantzaza,-3.83,-78.76,77.0,65,75,11.41,EC,2020-05-06 00:26:13
416,Montepuez,-13.13,39.0,65.5,89,3,9.57,MZ,2020-05-06 00:24:51
417,Gazanjyk,39.24,55.52,72.77,33,41,18.39,TM,2020-05-06 00:26:14
418,Kushiro,42.98,144.37,46.4,75,75,12.75,JP,2020-05-06 00:26:14
419,Fukue,32.69,128.84,62.6,93,75,11.41,JP,2020-05-06 00:26:15
420,Ocampo,21.65,-101.5,73.53,31,74,15.48,MX,2020-05-06 00:26:15
421,Kem,64.96,34.58,38.19,84,0,7.49,RU,2020-05-06 00:26:15
422,Bourail,-21.57,165.48,71.69,71,100,10.29,NC,2020-05-06 00:25:04
423,Bilma,18.69,12.92,81.05,14,0,6.98,NE,2020-05-06 00:26:15
424,Agartala,23.84,91.28,76.84,94,11,5.26,IN,2020-05-06 00:21:18
425,Kamenka,51.32,42.77,57.99,93,100,12.24,RU,2020-05-06 00:22:21
426,Saltillo,25.42,-101.0,77.0,33,75,9.17,MX,2020-05-06 00:24:21
427,Kendari,-3.94,122.5,81.18,78,97,2.55,ID,2020-05-06 00:26:15
428,High Prairie,55.43,-116.49,64.38,32,83,12.77,CA,2020-05-06 00:22:36
429,Kapuskasing,49.42,-82.43,50.0,29,20,3.36,CA,2020-05-06 00:26:16
430,Port Jervis,41.38,-74.69,53.01,45,47,4.23,US,2020-05-06 00:26:16
431,Novoagansk,61.94,76.66,41.27,96,100,4.63,RU,2020-05-06 00:26:16
432,Vao,-22.67,167.48,72.1,74,100,26.62,NC,2020-05-06 00:26:16
433,Shelburne,44.08,-80.2,39.2,44,1,3.36,CA,2020-05-06 00:21:44
434,Am Timan,11.03,20.28,87.84,36,35,8.93,TD,2020-05-06 00:26:16
435,Acajutla,13.59,-89.83,87.8,38,40,2.24,SV,2020-05-06 00:24:29
436,Evensk,61.95,159.23,28.35,96,100,38.36,RU,2020-05-06 00:26:16
437,Samana,19.21,-69.34,77.0,94,75,7.23,DO,2020-05-06 00:26:17
438,Zhaotong,27.32,103.72,64.35,70,4,2.13,CN,2020-05-06 00:26:17
439,Sibolga,1.74,98.78,76.75,82,100,4.59,ID,2020-05-06 00:22:24
440,Vaasa,63.1,21.62,39.2,69,100,8.05,FI,2020-05-06 00:26:17
441,Marzuq,14.4,46.47,74.55,67,43,5.86,YE,2020-05-06 00:26:17
442,Fare,-16.7,-151.02,83.05,72,45,8.39,PF,2020-05-06 00:26:17
443,Vasyurinskaya,45.12,39.42,57.0,93,75,6.71,RU,2020-05-06 00:26:17
444,Burns Lake,54.23,-125.75,58.03,32,56,5.06,CA,2020-05-06 00:26:18
445,Qui Nhon,13.77,109.23,80.82,73,1,4.05,VN,2020-05-06 00:26:18
446,Clyde River,70.47,-68.59,8.6,92,20,9.17,CA,2020-05-06 00:22:09
447,Koumac,-20.57,164.28,68.41,87,100,14.0,NC,2020-05-06 00:26:18
448,Porto Novo,6.5,2.6,82.4,83,20,9.17,BJ,2020-05-06 00:26:18
449,Klaeng,12.78,101.65,86.0,96,7,3.4,TH,2020-05-06 00:26:18
450,Storsteinnes,69.24,19.23,35.6,93,99,27.51,NO,2020-05-06 00:26:18
451,Taoudenni,22.68,-3.98,91.51,11,0,5.3,ML,2020-05-06 00:21:34
452,Ust-Kuyga,70.02,135.6,27.63,93,97,4.12,RU,2020-05-06 00:26:19
453,Korem,12.51,39.52,58.23,88,89,1.23,ET,2020-05-06 00:26:19
454,Calabozo,8.92,-67.43,87.8,45,62,1.34,VE,2020-05-06 00:22:09
455,Karpathos,35.51,27.21,62.6,72,3,21.92,GR,2020-05-06 00:26:19
456,Filadelfia,39.95,-75.16,57.2,30,90,4.7,US,2020-05-06 00:22:24
457,Socorro,31.65,-106.3,82.4,17,5,13.87,US,2020-05-06 00:26:19
458,Eydhafushi,5.1,73.07,84.47,81,99,12.57,MV,2020-05-06 00:26:20
459,Jiangkou,25.49,119.2,75.2,88,90,11.18,CN,2020-05-06 00:26:20
460,Copiapo,-27.37,-70.33,59.0,82,75,5.82,CL,2020-05-06 00:26:20
461,Padang,-0.95,100.35,77.74,87,100,6.89,ID,2020-05-06 00:22:43
462,Tawau,4.25,117.89,77.0,94,40,6.93,MY,2020-05-06 00:26:20
463,Gladstone,-23.85,151.25,73.4,53,18,17.22,AU,2020-05-06 00:26:20
464,Russell,32.35,-85.2,80.6,69,1,5.82,US,2020-05-06 00:26:20
465,Souillac,-20.52,57.52,73.4,94,75,9.01,MU,2020-05-06 00:26:20
466,Carauari,-4.88,-66.9,74.75,95,98,2.53,BR,2020-05-06 00:26:21
467,Sampang,-7.19,113.24,82.67,80,1,9.55,ID,2020-05-06 00:26:21
468,Kloulklubed,7.04,134.26,84.2,79,75,6.93,PW,2020-05-06 00:26:21
469,Salcininkai,54.3,25.38,46.99,93,90,9.17,LT,2020-05-06 00:26:21
470,Airai,-8.93,125.41,68.18,95,31,3.51,TL,2020-05-06 00:21:53
471,Faya,18.39,42.45,64.4,88,5,0.54,SA,2020-05-06 00:26:21
472,Honiara,-9.43,159.95,89.6,66,20,5.82,SB,2020-05-06 00:26:21
473,Orlik,52.52,99.83,32.54,76,1,9.71,RU,2020-05-06 00:26:22
474,Chunskiy,56.08,99.63,36.68,91,100,16.08,RU,2020-05-06 00:26:22
475,Kuusankoski,60.91,26.62,39.2,93,23,4.7,FI,2020-05-06 00:26:22
476,Camana,-16.62,-72.71,66.9,78,100,6.04,PE,2020-05-06 00:26:22
477,Guerrero Negro,27.98,-114.06,74.97,51,0,17.92,MX,2020-05-06 00:26:22
478,Taltal,-25.4,-70.48,60.48,73,15,5.44,CL,2020-05-06 00:22:13
479,Augusto Correa,-1.02,-46.63,76.73,96,100,6.26,BR,2020-05-06 00:26:22
480,Sierra Vista,31.55,-110.3,93.0,6,1,6.93,US,2020-05-06 00:26:22
481,Ulladulla,-35.35,150.47,64.99,55,83,12.75,AU,2020-05-06 00:26:23
482,Naze,28.37,129.48,73.4,100,75,8.05,JP,2020-05-06 00:26:23
483,Lalpur,22.2,69.97,78.04,91,0,7.74,IN,2020-05-06 00:26:23
484,Novo Aripuana,-5.12,-60.38,76.24,95,98,1.3,BR,2020-05-06 00:26:23
485,Longford,53.73,-7.8,46.0,61,35,3.0,IE,2020-05-06 00:26:03
486,Santo Domingo,18.5,-69.99,79.0,88,40,5.82,DO,2020-05-06 00:26:24
487,Krasnoarmeysk,51.02,45.7,59.0,83,82,1.01,RU,2020-05-06 00:22:04
488,Boden,65.83,21.69,41.0,60,99,8.05,SE,2020-05-06 00:26:25
489,Batagay,67.63,134.63,29.28,92,100,3.65,RU,2020-05-06 00:26:25
490,Darnah,32.77,22.64,60.44,76,0,14.2,LY,2020-05-06 00:21:49
491,Jiwani,25.05,61.74,84.02,64,0,12.08,PK,2020-05-06 00:26:25
492,Placido De Castro,-10.34,-67.19,76.37,96,79,2.35,BR,2020-05-06 00:26:25
493,Bhawanipatna,19.9,83.17,82.98,59,42,4.09,IN,2020-05-06 00:26:25
494,Fountain Hills,33.61,-111.72,102.0,7,1,4.7,US,2020-05-06 00:26:25
495,Parana,-31.73,-60.52,55.99,78,40,1.99,AR,2020-05-06 00:23:03
496,Esso,55.93,158.7,34.56,89,96,2.28,RU,2020-05-06 00:26:26
497,Lisala,2.15,21.52,71.49,96,62,1.21,CD,2020-05-06 00:26:26
498,Lamu,-2.27,40.9,79.12,88,100,16.69,KE,2020-05-06 00:26:26
499,Laredo,27.51,-99.51,95.0,41,1,13.87,US,2020-05-06 00:26:26
500,Dieppe,49.75,1.17,50.0,66,90,6.93,FR,2020-05-06 00:26:26
501,Tynda,55.17,124.72,48.6,47,0,3.09,RU,2020-05-06 00:26:27
502,Kansk,56.2,95.72,38.37,89,100,19.71,RU,2020-05-06 00:26:27
503,Bandar-E Anzali,37.47,49.46,63.77,77,49,1.86,IR,2020-05-06 00:26:27
504,Halifax,44.65,-63.57,36.0,73,93,5.01,CA,2020-05-06 00:25:44
505,Churapcha,62.0,132.43,38.57,73,31,3.62,RU,2020-05-06 00:26:27
506,Tyret Pervaya,53.67,102.31,42.85,62,25,7.54,RU,2020-05-06 00:26:27
507,Xuddur,4.12,43.89,77.34,76,77,10.45,SO,2020-05-06 00:26:28
508,Hearst,49.68,-83.67,45.54,58,35,3.65,CA,2020-05-06 00:26:28
509,Katobu,-4.94,122.53,81.63,82,93,0.27,ID,2020-05-06 00:26:28
510,Cabo San Lucas,22.89,-109.91,87.01,32,5,4.7,MX,2020-05-06 00:26:28
511,Ekhabi,53.51,142.97,37.56,78,71,12.86,RU,2020-05-06 00:26:28
512,Kulhudhuffushi,6.62,73.07,85.37,79,83,10.02,MV,2020-05-06 00:26:28
513,San Patricio,19.22,-104.7,82.4,74,5,3.76,MX,2020-05-06 00:23:01
514,Libourne,44.92,-0.25,59.0,87,32,4.7,FR,2020-05-06 00:26:29
515,Dauphin,51.15,-100.05,59.0,28,1,12.75,CA,2020-05-06 00:26:29
516,Haizhou,34.58,119.13,61.09,68,4,10.38,CN,2020-05-06 00:26:29
517,Verkh-Usugli,52.7,115.17,50.22,44,89,9.46,RU,2020-05-06 00:26:29
518,Huai Thalaeng,15.0,102.65,88.0,79,4,5.82,TH,2020-05-06 00:26:29
519,Abu Samrah,35.3,37.18,56.08,79,76,16.42,SY,2020-05-06 00:26:29
520,Avera,33.19,-82.53,80.6,57,1,4.7,US,2020-05-06 00:26:30
521,Coria,39.99,-6.54,57.99,81,1,3.0,ES,2020-05-06 00:26:30
522,Pombia,45.65,8.63,59.0,93,53,1.12,IT,2020-05-06 00:26:30
523,Carpentras,44.08,5.17,68.0,60,50,17.22,FR,2020-05-06 00:26:30
524,Rio Pardo De Minas,-15.61,-42.54,63.72,92,28,3.87,BR,2020-05-06 00:26:30
525,Puerto Del Rosario,28.5,-13.86,68.0,68,20,13.87,ES,2020-05-06 00:26:30
526,Gualeguaychu,-33.01,-58.52,55.0,76,25,17.0,AR,2020-05-06 00:26:30
527,Lao Cai,22.48,103.95,83.48,64,83,0.83,VN,2020-05-06 00:26:31
528,Pedernales,18.04,-71.74,81.01,74,43,3.2,DO,2020-05-06 00:26:31
529,Port Hedland,-20.32,118.57,75.2,57,0,5.82,AU,2020-05-06 00:26:31
530,Aksu,41.12,80.26,63.59,48,100,7.56,CN,2020-05-06 00:26:31
531,Hambantota,6.12,81.12,81.23,82,86,9.26,LK,2020-05-06 00:26:31
532,Launceston,-41.45,147.17,61.0,87,75,13.87,AU,2020-05-06 00:26:31
533,Guane,22.2,-84.09,80.92,70,52,0.81,CU,2020-05-06 00:26:32
534,Hervey Bay,-25.3,152.85,72.0,74,1,8.99,AU,2020-05-06 00:26:32
535,Synya,65.37,58.04,33.44,95,96,4.07,RU,2020-05-06 00:26:32
536,Stepnyak,52.83,70.78,42.48,64,0,8.75,KZ,2020-05-06 00:26:33
537,Lagos,6.58,3.75,82.4,94,20,2.24,NG,2020-05-06 00:25:26
538,Chulym,55.1,80.96,41.04,75,94,7.65,RU,2020-05-06 00:26:34
539,Baykit,61.67,96.37,36.09,81,85,7.58,RU,2020-05-06 00:26:34
540,Araraquara,-21.79,-48.18,62.58,86,94,2.73,BR,2020-05-06 00:21:34
541,Dunda,-8.12,34.25,63.97,89,15,2.75,TZ,2020-05-06 00:26:34
542,Fort Nelson,58.81,-122.7,57.2,50,75,2.24,CA,2020-05-06 00:26:35
543,Sioux Lookout,50.1,-91.92,55.4,30,75,9.17,CA,2020-05-06 00:26:35
544,Man,7.41,-7.55,73.69,94,42,2.24,CI,2020-05-06 00:26:35
545,Karratha,-20.74,116.85,74.88,49,69,4.68,AU,2020-05-06 00:26:35
546,Carleton Place,45.13,-76.15,46.99,45,80,1.01,CA,2020-05-06 00:25:05
547,Quelimane,-17.88,36.89,68.97,86,5,4.09,MZ,2020-05-06 00:22:09
548,Adrar,20.5,-10.07,91.02,11,0,6.44,MR,2020-05-06 00:26:35
549,Kidodi,-7.6,37.0,72.09,91,74,2.13,TZ,2020-05-06 00:26:35
550,Katherine,-14.47,132.27,77.0,44,90,9.17,AU,2020-05-06 00:26:36
551,Kahului,20.89,-156.47,86.0,45,40,20.8,US,2020-05-06 00:26:36
552,Iwanai,42.97,140.51,52.38,50,99,2.86,JP,2020-05-06 00:22:48
553,Juruti,-2.15,-56.09,77.72,92,96,3.0,BR,2020-05-06 00:26:36
554,Great Falls,47.5,-111.3,64.0,20,1,4.7,US,2020-05-06 00:26:36
555,Kamaishi,39.27,141.88,53.6,71,75,10.29,JP,2020-05-06 00:26:36
556,Erenhot,43.65,111.98,66.81,24,99,15.64,CN,2020-05-06 00:26:37
